employee_id,name,address,city,postal_code
EMP001,Klemens Löchel,"Andrei-Weihmann-Ring 9321, 22844 Norderstedt",Norderstedt,22844
EMP002,Orhan Seip MBA.,"Ansgar-Davids-Platz 9890, 22629 Ahrensburg",Ahrensburg,22629
EMP003,Ing. Erika Förster,"Tom-Schacht-Ring 2, 22626 Ahrensburg",Ahrensburg,22626
EMP004,Hans Jürgen Kaul,"Vanessa-Wiek-Ring 71, 22880 Wedel",Wedel,22880
EMP005,Sandra Schottin,"Beyerweg 78-21, 21077 Harburg",Harburg,21077
EMP006,Annelore Heintze,"Rustplatz 40, 22629 Ahrensburg",Ahrensburg,22629
EMP007,Mechtild Stoll,"Raimund-Holsten-Straße 62/45, 21109 Harburg",Harburg,21109
EMP008,Univ.Prof. Gotthilf Wilmsen B.Sc.,"Eileen-Schuster-Platz 5276, 20539 Hamburg",Hamburg,20539
EMP009,Urs Rosenow B.Eng.,"Marie-Beckmann-Ring 5-2, 22880 Wedel",Wedel,22880
EMP010,Nathalie Sauer,"Gerdi-Ortmann-Straße 32-44, 21682 Buxtehude",Buxtehude,21682
EMP011,Piotr Biggen,"Säuberlichstraße 93/82, 22629 Ahrensburg",Ahrensburg,22629
EMP012,Lilli Mosemann-Rädel,"Gerhardt-Schottin-Platz 2-7, 22626 Ahrensburg",Ahrensburg,22626
EMP013,Paola Segebahn,"Röhrdanzallee 1, 21682 Buxtehude",Buxtehude,21682
EMP014,Winfried Ullmann,"Dowergring 3-8, 21073 Harburg",Harburg,21073
EMP015,Cornelius Köster B.A.,"Ottoallee 581, 22629 Ahrensburg",Ahrensburg,22629
EMP016,Susann Jäntsch,"Dorina-Junitz-Straße 1, 22629 Ahrensburg",Ahrensburg,22629
EMP017,Raimund Reichmann,"Bogdan-Hendriks-Weg 81, 22629 Ahrensburg",Ahrensburg,22629
EMP018,Vito Reuter B.A.,"Fernando-Sorgatz-Straße 748, 22880 Wedel",Wedel,22880
EMP019,Dr. Anton Kambs B.Sc.,"Kuhlweg 87/28, 21077 Harburg",Harburg,21077
EMP020,Torsten Beckmann,"Dajana-Hartmann-Gasse 40, 22626 Ahrensburg",Ahrensburg,22626
EMP021,Otfried Rudolph-Rust,"Boucseinstr. 9473, 22880 Wedel",Wedel,22880
EMP022,Ing. Hildegart Langern,"Henkallee 26-23, 22850 Norderstedt",Norderstedt,22850
EMP023,Ria Dörr,"Vollbrechtgasse 70, 22309 Hamburg",Hamburg,22309
EMP024,Elfie Bruder MBA.,"Hans-Joachim-Grein Groth-Weg 32-56, 22525 Hamburg",Hamburg,22525
EMP025,Dr. Hansjürgen Neureuther MBA.,"Bernard-Siering-Weg 1, 22844 Norderstedt",Norderstedt,22844
EMP026,Ursula Ziegert,"Nina-Kühnert-Gasse 760, 22848 Norderstedt",Norderstedt,22848
EMP027,Klaus Wähner,"Hörlestraße 52-43, 22880 Wedel",Wedel,22880
EMP028,Prof. Trudi Radisch B.A.,"Karen-Johann-Gasse 9, 21109 Harburg",Harburg,21109
EMP029,Dipl.-Ing. Bruno Roskoth B.A.,"Victoria-Pechel-Gasse 219, 21077 Harburg",Harburg,21077
EMP030,Heidelinde Eigenwillig,"Elly-Butte-Straße 64/43, 22851 Norderstedt",Norderstedt,22851
EMP031,Arndt Renner,"Mielcarekring 80, 22626 Ahrensburg",Ahrensburg,22626
EMP032,Dipl.-Ing. Serge Ring,"Amalie-Hettner-Platz 61/53, 22848 Norderstedt",Norderstedt,22848
EMP033,Valentina Spieß,"Schmidtkeallee 8, 21073 Harburg",Harburg,21073
EMP034,Franz-Peter Holzapfel-Schleich,"Tatjana-Eimer-Ring 91, 21614 Buxtehude",Buxtehude,21614
EMP035,Thekla Birnbaum,"Iris-Karz-Platz 9/8, 22626 Ahrensburg",Ahrensburg,22626
EMP036,Patricia Ehlert,"Evelyn-Löchel-Ring 0, 22626 Ahrensburg",Ahrensburg,22626
EMP037,Arnfried Stumpf,"Fritschweg 98-16, 22627 Ahrensburg",Ahrensburg,22627
EMP038,Gretel Benthin,"Belinda-Beier-Ring 162, 22854 Norderstedt",Norderstedt,22854
EMP039,Vincenzo Hellwig-Fröhlich,"Häringweg 7158, 22629 Ahrensburg",Ahrensburg,22629
EMP040,Catharina Zirme,"Ramona-Lehmann-Gasse 456, 22844 Norderstedt",Norderstedt,22844
EMP041,Dr. Aleksander Sorgatz B.A.,"Ralph-Bender-Straße 5375, 22880 Wedel",Wedel,22880
EMP042,Mariola Reising-Kabus,"Jüttnerring 64, 22397 Hamburg",Hamburg,22397
EMP043,Ing. Monika Zimmer,"Erhard-Heß-Platz 1/2, 22856 Norderstedt",Norderstedt,22856
EMP044,Angela Trommler,"Mälzerstr. 46, 22851 Norderstedt",Norderstedt,22851
EMP045,Mariana Ebert,"Ackermannstr. 6561, 22844 Norderstedt",Norderstedt,22844
EMP046,Kreszentia Eckbauer,"Patbergring 6-7, 22848 Norderstedt",Norderstedt,22848
EMP047,Klothilde Ackermann-Jähn,"Siegmar-Stadelmann-Straße 599, 22393 Hamburg",Hamburg,22393
EMP048,Univ.Prof. Christa-Maria Sorgatz B.Sc.,"Häringstraße 87/47, 22626 Ahrensburg",Ahrensburg,22626
EMP049,Claus-Dieter Barth B.Sc.,"Pieperweg 51/43, 22880 Wedel",Wedel,22880
EMP050,Dipl.-Ing. Elena Finke B.Sc.,"Willibald-Schmidt-Gasse 46-79, 21614 Buxtehude",Buxtehude,21614
EMP051,Herr Herbert Eimer MBA.,"Leyla-Löffler-Platz 187, 22880 Wedel",Wedel,22880
EMP052,Univ.Prof. Stephan Mülichen,"Wendestraße 9-8, 21682 Buxtehude",Buxtehude,21682
EMP053,Ina Buchholz,"Heserallee 4487, 22113 Hamburg",Hamburg,22113
EMP054,Erhard Kraus-Täsche,"Heinzring 25/38, 22848 Norderstedt",Norderstedt,22848
EMP055,Herma Bolander B.A.,"Ilonka-Hamann-Gasse 7-6, 22854 Norderstedt",Norderstedt,22854
EMP056,Ivonne Albers-Kitzmann,"Krebsallee 9, 21077 Harburg",Harburg,21077
EMP057,Dipl.-Ing. Emanuel Heydrich MBA.,"Wellerstraße 9-9, 22848 Norderstedt",Norderstedt,22848
EMP058,Traugott Kreusel,"Baumstraße 86/32, 22854 Norderstedt",Norderstedt,22854
EMP059,Halina Junken,"Denis-Seifert-Straße 172, 21682 Buxtehude",Buxtehude,21682
EMP060,Saskia Butte,"Uli-Junken-Ring 5-7, 22850 Norderstedt",Norderstedt,22850
EMP061,Univ.Prof. Apostolos Zahn B.Sc.,"Bährweg 5, 21682 Buxtehude",Buxtehude,21682
EMP062,Ernst-August Eberth-Mühle,"Ulla-Hentschel-Platz 9, 22627 Ahrensburg",Ahrensburg,22627
EMP063,Reiner Fröhlich,"Carmela-Harloff-Straße 6/3, 21035 Hamburg",Hamburg,21035
EMP064,Heidelore Trubin-Gumprich,"Dörrstr. 4, 22844 Norderstedt",Norderstedt,22844
EMP065,Hakan Reichmann,"Daria-Stumpf-Allee 2149, 22880 Wedel",Wedel,22880
EMP066,Silvester Linke,"Speerring 68, 22880 Wedel",Wedel,22880
EMP067,Louise Renner,"Döringstraße 77/32, 20099 Hamburg",Hamburg,20099
EMP068,Fredo Mende,"Mohauptstraße 6/4, 22880 Wedel",Wedel,22880
EMP069,Ing. Clarissa Neuschäfer B.A.,"Karolin-Mitschke-Weg 6-1, 20095 Hamburg",Hamburg,20095
EMP070,Jochem Grein Groth,"Heserring 5/9, 22043 Hamburg",Hamburg,22043
EMP071,Reingard Bachmann B.Sc.,"Ilja-Tschentscher-Straße 88-83, 22629 Ahrensburg",Ahrensburg,22629
EMP072,Hildegunde Weinhage,"Hartungstraße 8495, 21682 Buxtehude",Buxtehude,21682
EMP073,Oswald Gröttner,"Kitzmannweg 54-44, 21073 Harburg",Harburg,21073
EMP074,Mirjam Schacht,"Dussen vanweg 833, 22549 Hamburg",Hamburg,22549
EMP075,Agnes Trommler,"Ditschlerinallee 3435, 22880 Wedel",Wedel,22880
EMP076,Sükrü Aumann,"Kamil-Bien-Gasse 3/8, 22626 Ahrensburg",Ahrensburg,22626
EMP077,Frau Rotraud Bolzmann MBA.,"Möchlichenstraße 15-52, 21077 Harburg",Harburg,21077
EMP078,Ruben Rose-Jähn,"Briemerstr. 2, 22627 Ahrensburg",Ahrensburg,22627
EMP079,Inka Margraf-Huhn,"Iwan-Drubin-Weg 4-9, 21077 Harburg",Harburg,21077
EMP080,Willfried Wiek,"Jäkelstr. 9, 22626 Ahrensburg",Ahrensburg,22626
EMP081,Prof. Arne Franke,"Emmy-Hahn-Ring 42, 22629 Ahrensburg",Ahrensburg,22629
EMP082,Meike Metz,"Rüdiger-Mende-Allee 44-50, 21682 Buxtehude",Buxtehude,21682
EMP083,Ulf Hethur-Faust,"Heidemarie-Heintze-Ring 4618, 21614 Buxtehude",Buxtehude,21614
EMP084,Marlies Jähn MBA.,"Bruno-Gehringer-Ring 8/2, 22626 Ahrensburg",Ahrensburg,22626
EMP085,Liselotte Hermann,"Ottostr. 17-71, 21107 Harburg",Harburg,21107
EMP086,Ralf-Dieter Wernecke,"Dirk-Hein-Allee 4, 22851 Norderstedt",Norderstedt,22851
EMP087,Horst-Peter Keudel,"Wenzel-Pohl-Allee 74-82, 22395 Hamburg",Hamburg,22395
EMP088,Univ.Prof. Jelena Hövel,"Kadering 62, 22626 Ahrensburg",Ahrensburg,22626
EMP089,Gilbert Herrmann,"Wesackstr. 7, 21109 Harburg",Harburg,21109
EMP090,Henrike Bloch B.A.,"Druballee 9-1, 21682 Buxtehude",Buxtehude,21682
EMP091,Vinzenz Hövel-Mangold,"Scholtzallee 47-50, 22627 Ahrensburg",Ahrensburg,22627
EMP092,Frau Dorota Drewes,"Eberhardtgasse 1248, 22305 Hamburg",Hamburg,22305
EMP093,Herma Nette,"Drubinweg 974, 22627 Ahrensburg",Ahrensburg,22627
EMP094,Steve Bohnbach-Hofmann,"Henkstraße 963, 22880 Wedel",Wedel,22880
EMP095,Senta Schaaf,"Kargeallee 1/5, 21073 Harburg",Harburg,21073
EMP096,Irena Jungfer-Graf,"Fischerstraße 95-95, 21039 Hamburg",Hamburg,21039
EMP097,Univ.Prof. Traude Kranz MBA.,"Charlotte-Kraus-Platz 1-6, 21107 Harburg",Harburg,21107
EMP098,Agnieszka Ullmann B.A.,"Agnes-Beier-Platz 21/97, 22880 Wedel",Wedel,22880
EMP099,Luitgard Süßebier,"Sölzerplatz 57, 22626 Ahrensburg",Ahrensburg,22626
EMP100,Linus Bohnbach,"Seipgasse 68/86, 21075 Harburg",Harburg,21075
EMP101,Chantal Täsche B.Eng.,"Eva-Stolze-Ring 2161, 21073 Harburg",Harburg,21073
EMP102,Dr. Eleni Radisch,"Bastian-Junk-Gasse 6/6, 22880 Wedel",Wedel,22880
EMP103,Ludmilla Stoll-Hendriks,"Rosemannweg 222, 22844 Norderstedt",Norderstedt,22844
EMP104,Tomas Mohaupt,"Säuberlichplatz 5747, 22629 Ahrensburg",Ahrensburg,22629
EMP105,Mandy Löffler,"Steystr. 617, 22083 Hamburg",Hamburg,22083
EMP106,Frau Edeltrud Kranz B.Eng.,"Meyerallee 4/7, 21107 Harburg",Harburg,21107
EMP107,Adriane Rosemann,"Thiesring 6, 22626 Ahrensburg",Ahrensburg,22626
EMP108,Lothar Hermann B.A.,"Sibylle-auch Schlauchin-Allee 64-43, 21682 Buxtehude",Buxtehude,21682
EMP109,Alwine Sager B.Eng.,"Sandy-Schottin-Allee 4, 21614 Buxtehude",Buxtehude,21614
EMP110,Reza Reuter-Kobelt,"Dimitri-Hübel-Ring 3-4, 21614 Buxtehude",Buxtehude,21614
EMP111,Christopher Wende,"Gehringerring 24-85, 21682 Buxtehude",Buxtehude,21682
EMP112,Rigo Kroker,"Natalija-Stey-Allee 9-6, 22145 Hamburg",Hamburg,22145
EMP113,Miguel Heintze,"Josef-Reising-Gasse 75-64, 21079 Harburg",Harburg,21079
EMP114,Margaret Lange,"Barthstr. 29/83, 22880 Wedel",Wedel,22880
EMP115,Erik Renner,"Fredy-Bien-Gasse 8/2, 22880 Wedel",Wedel,22880
EMP116,Serge Niemeier,"Reinald-Metz-Ring 3-7, 21682 Buxtehude",Buxtehude,21682
EMP117,Asta Striebitz,"Holtgasse 83/47, 22629 Ahrensburg",Ahrensburg,22629
EMP118,Willi Metz,"Ringweg 50/46, 20095 Hamburg",Hamburg,20095
EMP119,Elena Eberth,"Giesela-Hahn-Allee 0, 22627 Ahrensburg",Ahrensburg,22627
EMP120,Richard Schenk-Adler,"Charles-Wieloch-Weg 6933, 22629 Ahrensburg",Ahrensburg,22629
EMP121,Carsten Austermühle,"Fiebigplatz 3/2, 21073 Harburg",Harburg,21073
EMP122,Anja Eberth,"Zobelallee 3950, 22880 Wedel",Wedel,22880
EMP123,Juliana Scheel,"Putzgasse 87, 22880 Wedel",Wedel,22880
EMP124,Iris Seifert,"Toralf-Paffrath-Platz 8, 22547 Hamburg",Hamburg,22547
EMP125,Annelene Butte B.Eng.,"Burghard-Naser-Straße 2-8, 21682 Buxtehude",Buxtehude,21682
EMP126,Jolanda Schleich MBA.,"Carsten-Eberth-Ring 96/59, 22880 Wedel",Wedel,22880
EMP127,Sabrina Metz,"Ljudmila-Tintzmann-Gasse 7673, 22880 Wedel",Wedel,22880
EMP128,Marianne Hermighausen,"Liebeltweg 75, 21079 Harburg",Harburg,21079
EMP129,Frau Natalja Warmer,"Fliegnerweg 21-21, 22627 Ahrensburg",Ahrensburg,22627
EMP130,Marie-Theres Eberhardt,"Ehlertstr. 9, 21614 Buxtehude",Buxtehude,21614
EMP131,Giovanna Döhn,"Klappallee 1-5, 21073 Harburg",Harburg,21073
EMP132,Ralf Holsten,"Gernot-Sontag-Straße 6158, 21109 Harburg",Harburg,21109
EMP133,Alma Girschner,"Malgorzata-Lorch-Weg 9, 22880 Wedel",Wedel,22880
EMP134,Dimitrios Fechner,"Tintzmannallee 6/6, 22627 Ahrensburg",Ahrensburg,22627
EMP135,Hans-Heinrich Lindner MBA.,"Bohnbachplatz 1, 22848 Norderstedt",Norderstedt,22848
EMP136,Czeslaw Franke,"Frankering 6/2, 22089 Hamburg",Hamburg,22089
EMP137,Dietlinde Wende,"Gundi-Butte-Ring 86-77, 22089 Hamburg",Hamburg,22089
EMP138,Angelica Hartmann,"Muharrem-Losekann-Gasse 8/9, 22844 Norderstedt",Norderstedt,22844
EMP139,Viktoria Hahn,"Scheuermanngasse 3, 22880 Wedel",Wedel,22880
EMP140,Dr. Hans-Hermann Reichmann,"Korinna-Hermighausen-Ring 81/70, 22855 Norderstedt",Norderstedt,22855
EMP141,Hermann Josef Buchholz,"Alicja-Römer-Allee 11/76, 22846 Norderstedt",Norderstedt,22846
EMP142,Hansjoachim Bärer,"Ruppertstraße 7-5, 22301 Hamburg",Hamburg,22301
EMP143,Dipl.-Ing. Klaus-Werner Kühnert B.Sc.,"Geißlerallee 75-21, 22880 Wedel",Wedel,22880
EMP144,Josip Pergande,"Jesselweg 33/25, 22850 Norderstedt",Norderstedt,22850
EMP145,Cäcilia Gerlach,"Selma-Wulf-Ring 22/33, 22629 Ahrensburg",Ahrensburg,22629
EMP146,Norma Rose MBA.,"Kira-Werner-Allee 82, 21614 Buxtehude",Buxtehude,21614
EMP147,Magda Jähn B.Eng.,"Schottinring 871, 22087 Hamburg",Hamburg,22087
EMP148,Andy Koch,"Nikolai-Patberg-Gasse 8/8, 21682 Buxtehude",Buxtehude,21682
EMP149,Irmgard Salz-Röhrdanz,"Buchholzweg 99, 21614 Buxtehude",Buxtehude,21614
EMP150,Woldemar Bolander-Mende,"Tomasz-Rudolph-Allee 9597, 21682 Buxtehude",Buxtehude,21682
EMP151,Falk Trommler,"Mareike-Karz-Allee 38, 22627 Ahrensburg",Ahrensburg,22627
EMP152,Helmtrud Wohlgemut-Kambs,"Mangoldstr. 555, 22627 Ahrensburg",Ahrensburg,22627
EMP153,Eugenia Herrmann-Ullrich,"Lisa-Schüler-Allee 21/95, 22856 Norderstedt",Norderstedt,22856
EMP154,Konstantinos Trommler-Caspar,"Meinhard-Butte-Weg 754, 22846 Norderstedt",Norderstedt,22846
EMP155,Aleksandra Klotz,"Römerstraße 22/78, 22856 Norderstedt",Norderstedt,22856
EMP156,Arno Hübel-Zirme,"Girschnerplatz 47/33, 22850 Norderstedt",Norderstedt,22850
EMP157,Kornelius Kohl-Fliegner,"Ana-Winkler-Weg 5, 22626 Ahrensburg",Ahrensburg,22626
EMP158,Marija Tschentscher,"Hans-Albert-Süßebier-Weg 770, 22880 Wedel",Wedel,22880
EMP159,Ing. Wulf Ziegert MBA.,"Wera-Martin-Weg 8/4, 22850 Norderstedt",Norderstedt,22850
EMP160,Dr. Rosita Gute,"Patrik-Stiebitz-Weg 77-94, 22626 Ahrensburg",Ahrensburg,22626
EMP161,Friedhelm Carsten,"Paola-Hermann-Gasse 25-98, 22855 Norderstedt",Norderstedt,22855
EMP162,Svea Keudel B.Sc.,"Jörn-Mende-Weg 461, 21614 Buxtehude",Buxtehude,21614
EMP163,Herr Gisbert Dippel B.Eng.,"Blochstraße 23/66, 21037 Hamburg",Hamburg,21037
EMP164,Alberto Hertrampf,"Freddy-Bender-Ring 82-17, 22880 Wedel",Wedel,22880
EMP165,Ing. Burghard Biggen B.A.,"Martina-Fischer-Weg 2-5, 22854 Norderstedt",Norderstedt,22854
EMP166,Maik Pieper,"Schwitalallee 81-91, 22089 Hamburg",Hamburg,22089
EMP167,Prof. Hartmuth Gotthard B.Sc.,"Irmela-Fechner-Ring 1-6, 22043 Hamburg",Hamburg,22043
EMP168,Frau Magrit Kraushaar B.Eng.,"Börnerstr. 6, 22844 Norderstedt",Norderstedt,22844
EMP169,Blanka Beyer,"Weinholdgasse 41/25, 21682 Buxtehude",Buxtehude,21682
EMP170,Anto Trubin-Wulf,"Ritterring 377, 21682 Buxtehude",Buxtehude,21682
EMP171,Julie Kruschwitz,"Beierring 6030, 22880 Wedel",Wedel,22880
EMP172,Betty Koch,"Herrmanngasse 6450, 22629 Ahrensburg",Ahrensburg,22629
EMP173,Ing. Undine Pohl B.Eng.,"Kuhlweg 36-85, 22880 Wedel",Wedel,22880
EMP174,Friedhilde Dobes,"Iwona-Löffler-Gasse 3-9, 22880 Wedel",Wedel,22880
EMP175,Univ.Prof. Helfried Killer,"Matthias-Speer-Ring 8/7, 22627 Ahrensburg",Ahrensburg,22627
EMP176,Micha Schweitzer,"Bergerweg 59/16, 21682 Buxtehude",Buxtehude,21682
EMP177,Carl Börner,"Knappestr. 802, 22307 Hamburg",Hamburg,22307
EMP178,Virginia Koch II B.Eng.,"Leyla-Seidel-Ring 16/39, 21073 Harburg",Harburg,21073
EMP179,Margareta Holsten,"Wiekgasse 785, 22629 Ahrensburg",Ahrensburg,22629
EMP180,Francis Wohlgemut,"Victoria-Drewes-Gasse 778, 22626 Ahrensburg",Ahrensburg,22626
EMP181,Cengiz Briemer,"Tlustekstraße 4947, 22627 Ahrensburg",Ahrensburg,22627
EMP182,Sylke Jacob,"Gerlachweg 61-25, 21075 Harburg",Harburg,21075
EMP183,Eckhardt Zorbach,"Ingetraud-Tröst-Allee 458, 22629 Ahrensburg",Ahrensburg,22629
EMP184,Irmtraut Rohleder,"Hugo-Zobel-Straße 5, 22627 Ahrensburg",Ahrensburg,22627
EMP185,Dipl.-Ing. Ruth Ruppert,"Eleonore-Christoph-Gasse 7/8, 22626 Ahrensburg",Ahrensburg,22626
EMP186,Birgit Zahn,"Fatih-Junck-Allee 87, 22855 Norderstedt",Norderstedt,22855
EMP187,Gerfried Gehringer-Fritsch,"Kristin-Ehlert-Straße 1, 22844 Norderstedt",Norderstedt,22844
EMP188,Manuel Rohleder B.Eng.,"Tröstplatz 28/54, 22880 Wedel",Wedel,22880
EMP189,Detlev Sorgatz-Scholz,"Emmi-Jähn-Weg 38, 22854 Norderstedt",Norderstedt,22854
EMP190,Willi Segebahn,"Rosegasse 1, 21614 Buxtehude",Buxtehude,21614
EMP191,Mara Jacobi Jäckel,"Sieringplatz 1-8, 22047 Hamburg",Hamburg,22047
EMP192,Moritz Bonbach,"Henschelallee 5-8, 21614 Buxtehude",Buxtehude,21614
EMP193,Nadeschda Kaul,"Theodor-Liebelt-Straße 33-65, 22880 Wedel",Wedel,22880
EMP194,Dipl.-Ing. Burkard Hethur MBA.,"Ehlertallee 28/68, 21614 Buxtehude",Buxtehude,21614
EMP195,Dr. Rudolph Junken B.Eng.,"Friedbert-Dietz-Gasse 7/7, 22626 Ahrensburg",Ahrensburg,22626
EMP196,Wigbert Kreusel,"Kläre-Freudenberger-Straße 87-14, 22854 Norderstedt",Norderstedt,22854
EMP197,Ing. Kathrin Anders B.Sc.,"Hendriksplatz 50/80, 21079 Harburg",Harburg,21079
EMP198,Kasimir Rörricht,"Eimerring 16/75, 22549 Hamburg",Hamburg,22549
EMP199,Ortrud Rogner B.Eng.,"Otmar-Röhrdanz-Ring 96, 22851 Norderstedt",Norderstedt,22851
EMP200,Kurt Pechel MBA.,"Filippo-Dietz-Straße 65/38, 21107 Harburg",Harburg,21107
